"Région","Département","COMMUNE","POPULATION"
"DAKAR","DAKAR","GOREE","1691"
"DAKAR","DAKAR","DAKAR-PLATEAU","34951"
"DAKAR","DAKAR","MEDINA","82544"
"DAKAR","DAKAR","GUEULE TAPEE -FASS-COLOBANE","59227"
"DAKAR","DAKAR","FANN/POINT E/ AMITIE","20115"
"DAKAR","DAKAR","GRAND DAKAR","47334"
"DAKAR","DAKAR","BISCUITERIE","74025"
"DAKAR","DAKAR","HLM","42975"
"DAKAR","DAKAR","HANN/ BEL AIR","86908"
"DAKAR","DAKAR","SICAP LIBERTE","41079"
"DAKAR","DAKAR","DIEUPPEUL DERKLE","38725"
"DAKAR","DAKAR","OUAKAM","100541"
"DAKAR","DAKAR","N’GOR","17706"
"DAKAR","DAKAR","YOFF","119351"
"DAKAR","DAKAR","MERMOZ/ SACRE -COEUR","38598"
"DAKAR","DAKAR","GRAND YOFF","186775"
"DAKAR","DAKAR","PATTE D’OIE","46821"
"DAKAR","DAKAR","PARCELLES ASSAINIES","167671"
"DAKAR","DAKAR","CAMBERENE","71432"
"DAKAR","PIKINE","PIKINE OUEST","57240"
"DAKAR","PIKINE","PIKINE EST","32717"
"DAKAR","PIKINE","PIKINE SUD","49088"
"DAKAR","PIKINE","DALIFORD","39096"
"DAKAR","PIKINE","DJIDAH THIAROYE KAO","100128"
"DAKAR","PIKINE","GUINAW RAIL NORD","30303"
"DAKAR","PIKINE","GUINAW RAIL SUD","40185"
"DAKAR","PIKINE","THIAROYE /MER","61079"
"DAKAR","PIKINE","DIACK SAO","40892"
"DAKAR","PIKINE","DIAMAGUENE/SICAP M’BAO","139376"
"DAKAR","PIKINE","THIAROYE GARE","25037"
"DAKAR","PIKINE","M’BAO","149456"
"DAKAR","RUFISQUE","RUFISQUE NORD","126253"
"DAKAR","RUFISQUE","RUFISQUE  EST","84754"
"DAKAR","RUFISQUE","RUFISQUE OUEST","84452"
"DAKAR","RUFISQUE","COM. BARGNY","69242"
"DAKAR","RUFISQUE","COM. SENDOU","4045"
"DAKAR","RUFISQUE","YENE","34892"
"DAKAR","RUFISQUE","DIAMNIADIO","47759"
"DAKAR","RUFISQUE","SEBIKOTANE","42839"
"DAKAR","RUFISQUE","BAMBYLOR","61100"
"DAKAR","RUFISQUE","TIVAOUANE PEULH-NIAGHA","152043"
"DAKAR","RUFISQUE","SANGALKAM","110958"
"DAKAR","GUEDIAWAYE","GOLF SUD","114069"
"DAKAR","GUEDIAWAYE","SAM  NOTAIRE","80566"
"DAKAR","GUEDIAWAYE","N’DIAREME LIMAMOULAYE","36024"
"DAKAR","GUEDIAWAYE","WAKHINANE NIMZATT","105461"
"DAKAR","GUEDIAWAYE","MEDINA GOUNASS","36588"
"DAKAR","KEUR MASSAR","YEUMBEUL NORD","204375"
"DAKAR","KEUR MASSAR","YEUMBEUL SUD","108069"
"DAKAR","KEUR MASSAR","MALIKA","56707"
"DAKAR","KEUR MASSAR","KEUR MASSAR NORD","224765"
"DAKAR","KEUR MASSAR","JAXAAY-PARCELLES","71036"
"DAKAR","KEUR MASSAR","KEUR MASSAR SUD","105362"
"ZIGUINCHOR","BIGNONA","COM. BIGNONA","28642"
"ZIGUINCHOR","BIGNONA","COM. THIONCK-ESSYL","8961"
"ZIGUINCHOR","BIGNONA","DJIBIDIONE","8859"
"ZIGUINCHOR","BIGNONA","OULAMPANE","14909"
"ZIGUINCHOR","BIGNONA","SINDIAN","11676"
"ZIGUINCHOR","BIGNONA","SUELLE","9174"
"ZIGUINCHOR","BIGNONA","BALINGORE","5513"
"ZIGUINCHOR","BIGNONA","DIEGOUNE","7534"
"ZIGUINCHOR","BIGNONA","KARTHIACK","7962"
"ZIGUINCHOR","BIGNONA","MANGAGOULACK","8503"
"ZIGUINCHOR","BIGNONA","MLOMP","3128"
"ZIGUINCHOR","BIGNONA","COUBALAN","12156"
"ZIGUINCHOR","BIGNONA","NIAMONE","8785"
"ZIGUINCHOR","BIGNONA","OUONCK","10914"
"ZIGUINCHOR","BIGNONA","TENGHORY","39509"
"ZIGUINCHOR","BIGNONA","DJINAKI","19580"
"ZIGUINCHOR","BIGNONA","KAFOUNTINE","41590"
"ZIGUINCHOR","BIGNONA","KATABA I","31996"
"ZIGUINCHOR","BIGNONA","COM. DIOULOULOU","8109"
"ZIGUINCHOR","OUSSOUYE","COM. OUSSOUYE","5705"
"ZIGUINCHOR","OUSSOUYE","DJEMBERING","25902"
"ZIGUINCHOR","OUSSOUYE","SANTHIABA MANJACQUE","3041"
"ZIGUINCHOR","OUSSOUYE","MLOMP","11426"
"ZIGUINCHOR","OUSSOUYE","OUKOUT","8493"
"ZIGUINCHOR","ZIGUINCHOR","COM. ZIGUINCHOR","214874"
"ZIGUINCHOR","ZIGUINCHOR","ADEANE","19728"
"ZIGUINCHOR","ZIGUINCHOR","BOUTOUPA CAMARACOUNDA","8682"
"ZIGUINCHOR","ZIGUINCHOR","NIAGUIS","21671"
"ZIGUINCHOR","ZIGUINCHOR","ENAMPORE","4877"
"ZIGUINCHOR","ZIGUINCHOR","NYASSIA","5669"
"DIOURBEL","BAMBEY","COM. BAMBEY","37374"
"DIOURBEL","BAMBEY","BABA GARAGE","18305"
"DIOURBEL","BAMBEY","DINGUIRAYE","11881"
"DIOURBEL","BAMBEY","KEUR SAMBA KANE","21036"
"DIOURBEL","BAMBEY","GAWANE","19907"
"DIOURBEL","BAMBEY","LAMBAYE","30486"
"DIOURBEL","BAMBEY","N’GOGOM","40948"
"DIOURBEL","BAMBEY","REFANE","39955"
"DIOURBEL","BAMBEY","DANGALMA","44398"
"DIOURBEL","BAMBEY","N’DONDOL","25843"
"DIOURBEL","BAMBEY","N’GOYE","54238"
"DIOURBEL","BAMBEY","THIAKAR","32096"
"DIOURBEL","DIOURBEL","COM. DIOURBEL","157554"
"DIOURBEL","DIOURBEL","DANKH  SENE","12410"
"DIOURBEL","DIOURBEL","GADE ESCALE","4521"
"DIOURBEL","DIOURBEL","N’DINDY","17326"
"DIOURBEL","DIOURBEL","KEUR N’GALGOU","9760"
"DIOURBEL","DIOURBEL","TAIBA MOUTOUPHA","13890"
"DIOURBEL","DIOURBEL","TOUBA LAPPE","5127"
"DIOURBEL","DIOURBEL","N’DOULO","14820"
"DIOURBEL","DIOURBEL","N’GOHE","40758"
"DIOURBEL","DIOURBEL","PATAR","26656"
"DIOURBEL","DIOURBEL","TOCKY GARE","24821"
"DIOURBEL","DIOURBEL","TOURE M’BONDE","16466"
"DIOURBEL","M’BACKE","COM. M’BACKE","101451"
"DIOURBEL","M’BACKE","DENDEYE GOUYE GUI","7061"
"DIOURBEL","M’BACKE","DAROU SALAM  TYP","7245"
"DIOURBEL","M’BACKE","KAEL","7144"
"DIOURBEL","M’BACKE","MADINA","8763"
"DIOURBEL","M’BACKE","N’DIOUMANE  T. THIEKENE","6651"
"DIOURBEL","M’BACKE","TOUBA  M’BOUL","13231"
"DIOURBEL","M’BACKE","DAROU NAHIM","2942"
"DIOURBEL","M’BACKE","TAIBA TIECKENE","2465"
"DIOURBEL","M’BACKE","DALLA N’GABOU","12609"
"DIOURBEL","M’BACKE","MISSIRAH","8416"
"DIOURBEL","M’BACKE","N’GHAYE","6777"
"DIOURBEL","M’BACKE","TOUBA FALL","11500"
"DIOURBEL","M’BACKE","TOUBA MOSQUEE","1120824"
"DIOURBEL","M’BACKE","SADIO","24444"
"DIOURBEL","M’BACKE","TAÏF","18233"
"SAINT-LOUIS","DAGANA","COM. DAGANA","26568"
"SAINT-LOUIS","DAGANA","COM. RICHARD-TOLL","73147"
"SAINT-LOUIS","DAGANA","MBANE","40754"
"SAINT-LOUIS","DAGANA","BOKHOL","22651"
"SAINT-LOUIS","DAGANA","COM. GAE","12296"
"SAINT-LOUIS","DAGANA","COM. NDOMBO SANDJIRY","6180"
"SAINT-LOUIS","DAGANA","DIAMA","48498"
"SAINT-LOUIS","DAGANA","NGNITH","32709"
"SAINT-LOUIS","DAGANA","RONKH","27736"
"SAINT-LOUIS","DAGANA","COM. ROSS-BETHIO","16225"
"SAINT-LOUIS","DAGANA","COM. ROSSO-SENEGAL","22299"
"SAINT-LOUIS","PODOR","COM. PODOR","12512"
"SAINT-LOUIS","PODOR","COM. NDIOUM","20270"
"SAINT-LOUIS","PODOR","MEDINA NDIATHBE","41491"
"SAINT-LOUIS","PODOR","DOUNGA-LAO","43611"
"SAINT-LOUIS","PODOR","MERY","22731"
"SAINT-LOUIS","PODOR","COM. AERE LAO","14384"
"SAINT-LOUIS","PODOR","COM. GOLLERE","7124"
"SAINT-LOUIS","PODOR","COM. MBOUMBA","5457"
"SAINT-LOUIS","PODOR","COM. WALALDE","4387"
"SAINT-LOUIS","PODOR","BOKE DIALLOUBE","39506"
"SAINT-LOUIS","PODOR","MBOLO BIRANE","31102"
"SAINT-LOUIS","PODOR","COM. GALOYA TOUCOULEUR","6501"
"SAINT-LOUIS","PODOR","COM. PETE","4835"
"SAINT-LOUIS","PODOR","FANAYE","48174"
"SAINT-LOUIS","PODOR","NDIAYENE PENDAO","34012"
"SAINT-LOUIS","PODOR","COM. NDIANDANE","6769"
"SAINT-LOUIS","PODOR","DODEL","46316"
"SAINT-LOUIS","PODOR","GAMADJI SARE","29971"
"SAINT-LOUIS","PODOR","GUEDE VILLAGE","52678"
"SAINT-LOUIS","PODOR","COM. BODE LAO","3760"
"SAINT-LOUIS","PODOR","COM. DEMETTE","3414"
"SAINT-LOUIS","PODOR","COM. GUEDE CHANTIER","7002"
"SAINT-LOUIS","SAINT LOUIS","COM. SAINT LOUIS","254171"
"SAINT-LOUIS","SAINT LOUIS","GANDON","71080"
"SAINT-LOUIS","SAINT LOUIS","FASS NGOM","23154"
"SAINT-LOUIS","SAINT LOUIS","N’DIEBENE GANDIOLE","27938"
"SAINT-LOUIS","SAINT LOUIS","COM. M’PAL","11025"
"TAMBACOUNDA","BAKEL","COM. BAKEL","18939"
"TAMBACOUNDA","BAKEL","GATHIARY","3973"
"TAMBACOUNDA","BAKEL","MADINA FOULBE","3803"
"TAMBACOUNDA","BAKEL","SADATOU","17259"
"TAMBACOUNDA","BAKEL","TOUMBOURA","5028"
"TAMBACOUNDA","BAKEL","BELE","25861"
"TAMBACOUNDA","BAKEL","SINTHIOU-FISSA","12900"
"TAMBACOUNDA","BAKEL","COM. KIDIRA","13551"
"TAMBACOUNDA","BAKEL","BALLOU","23958"
"TAMBACOUNDA","BAKEL","GABOU","28612"
"TAMBACOUNDA","BAKEL","MOUDERY","23906"
"TAMBACOUNDA","BAKEL","COM. DIAWARA","12147"
"TAMBACOUNDA","TAMBACOUNDA","COM. TAMBACOUNDA","149071"
"TAMBACOUNDA","TAMBACOUNDA","KOUSSANAR","41104"
"TAMBACOUNDA","TAMBACOUNDA","SINTHIOU MALEM","29532"
"TAMBACOUNDA","TAMBACOUNDA","MAKACOULIBATANG","52984"
"TAMBACOUNDA","TAMBACOUNDA","N’DOGA BABACAR","28568"
"TAMBACOUNDA","TAMBACOUNDA","NIANI TOUCOULEUR","18069"
"TAMBACOUNDA","TAMBACOUNDA","DIALACOTO","24519"
"TAMBACOUNDA","TAMBACOUNDA","MISSIRAH","57580"
"TAMBACOUNDA","TAMBACOUNDA","NETTE BOULOU","25992"
"TAMBACOUNDA","GOUDIRY","COM. GOUDIRY","10540"
"TAMBACOUNDA","GOUDIRY","BALA","9799"
"TAMBACOUNDA","GOUDIRY","GOUMBAYEL","9125"
"TAMBACOUNDA","GOUDIRY","KOAR","12165"
"TAMBACOUNDA","GOUDIRY","DOUGUE","9275"
"TAMBACOUNDA","GOUDIRY","BOYNGUEL BAMBA","16616"
"TAMBACOUNDA","GOUDIRY","KOUSSAN","11022"
"TAMBACOUNDA","GOUDIRY","SINTHIOU MAMADOU BOUBOU","21666"
"TAMBACOUNDA","GOUDIRY","BANI   ISRAEL","8681"
"TAMBACOUNDA","GOUDIRY","BOUTOUCOUFARA","8454"
"TAMBACOUNDA","GOUDIRY","DIANKE MAKHA","10949"
"TAMBACOUNDA","GOUDIRY","KOMOTI","12179"
"TAMBACOUNDA","GOUDIRY","KOULOR","15027"
"TAMBACOUNDA","GOUDIRY","SINTHIOU BOCAR ALI","8946"
"TAMBACOUNDA","GOUDIRY","COM. KOTHIARY","6157"
"TAMBACOUNDA","KOUPENTOUM","COM. KOUMPENTOUM","15723"
"TAMBACOUNDA","KOUPENTOUM","BAMBA THIALENE","21543"
"TAMBACOUNDA","KOUPENTOUM","KAHENE","22566"
"TAMBACOUNDA","KOUPENTOUM","MERETO","17546"
"TAMBACOUNDA","KOUPENTOUM","N’DAME","14295"
"TAMBACOUNDA","KOUPENTOUM","KOUTHIA GAYDI","17471"
"TAMBACOUNDA","KOUPENTOUM","KOUTHIABA WOLOF","29785"
"TAMBACOUNDA","KOUPENTOUM","PASS KOTO","19112"
"TAMBACOUNDA","KOUPENTOUM","PAYAR","36701"
"TAMBACOUNDA","KOUPENTOUM","COM. MALEM NIANI","4455"
"KAOLACK","KAOLACK","COM. KAOLACK","298904"
"KAOLACK","KAOLACK","COM. KAHONE","26376"
"KAOLACK","KAOLACK","KEUR SOCE","37567"
"KAOLACK","KAOLACK","NDIAFFATE","49493"
"KAOLACK","KAOLACK","NDIEDIENG","41021"
"KAOLACK","KAOLACK","LATMINGUE","41156"
"KAOLACK","KAOLACK","THIARE","35776"
"KAOLACK","KAOLACK","KEUR BAKA","29309"
"KAOLACK","KAOLACK","COM. NDOFFANE","18974"
"KAOLACK","KAOLACK","DYA","19866"
"KAOLACK","KAOLACK","NDIEBEL","16636"
"KAOLACK","KAOLACK","THIOMBY","19228"
"KAOLACK","KAOLACK","COM. GANDIAYE","18239"
"KAOLACK","KAOLACK","COM. SIBASSOR","11508"
"KAOLACK","NIORO","COM. NIORO","28491"
"KAOLACK","NIORO","KAYEMOR","34206"
"KAOLACK","NIORO","MEDINA-SABAKH","66096"
"KAOLACK","NIORO","NGAYENE","35730"
"KAOLACK","NIORO","GAINTE KAYE","41022"
"KAOLACK","NIORO","PAOSKOTO","24988"
"KAOLACK","NIORO","POROKHANE","46806"
"KAOLACK","NIORO","TAÏBA NIASSENE","38034"
"KAOLACK","NIORO","DABALY","15254"
"KAOLACK","NIORO","DAROU SALAM","36161"
"KAOLACK","NIORO","KEUR MABA DIAKHOU","36782"
"KAOLACK","NIORO","NDRAME ESCALE","30098"
"KAOLACK","NIORO","WACK NGOUNA","48901"
"KAOLACK","NIORO","KEUR MANDONGO","13488"
"KAOLACK","NIORO","COM. KEUR MADIABEL","16551"
"KAOLACK","GUINGUINEO","COM. GUINGUINEO","20340"
"KAOLACK","GUINGUINEO","MBADAKHOUNE","25409"
"KAOLACK","GUINGUINEO","NDIAGO","13079"
"KAOLACK","GUINGUINEO","NGATHIE NAOUDE","18937"
"KAOLACK","GUINGUINEO","KHELCOM BIRAME","16865"
"KAOLACK","GUINGUINEO","COM. FASS","6453"
"KAOLACK","GUINGUINEO","GAGNICK","10272"
"KAOLACK","GUINGUINEO","NGUELOU","11324"
"KAOLACK","GUINGUINEO","OUROUR","15267"
"KAOLACK","GUINGUINEO","DARA MBOSS","6857"
"KAOLACK","GUINGUINEO","PANAL OUOLOF","9160"
"KAOLACK","GUINGUINEO","COM. MBOSS","6094"
"THIES","M’BOUR","COM. JOAL- FADIOUTH","61582"
"THIES","M’BOUR","COM. M’BOUR","284189"
"THIES","M’BOUR","FISSEL","48981"
"THIES","M’BOUR","N’DIAGANIAO","60654"
"THIES","M’BOUR","N’GUENIENE","48977"
"THIES","M’BOUR","SANDIARA","38333"
"THIES","M’BOUR","SESSENE","31317"
"THIES","M’BOUR","COM. THIADIAYE","20168"
"THIES","M’BOUR","MALICOUNDA","117590"
"THIES","M’BOUR","DIASS","41433"
"THIES","M’BOUR","SINDIA","57056"
"THIES","M’BOUR","COM. GUEKOKH","47964"
"THIES","M’BOUR","COM. N’GAPAROU","13744"
"THIES","M’BOUR","COM. POPENGUINE","12743"
"THIES","M’BOUR","COM. SALY PORTUDAL","41811"
"THIES","M’BOUR","COM. SOMONE","8762"
"THIES","THIES","THIES NORD","136138"
"THIES","THIES","THIES EST","166256"
"THIES","THIES","THIES OUEST","88859"
"THIES","THIES","COM. KHOMBOLE","20321"
"THIES","THIES","COM. POUT","29874"
"THIES","THIES","NOTTO","55967"
"THIES","THIES","TASSETTE","26894"
"THIES","THIES","N’DIEYENE SIRAKH","37295"
"THIES","THIES","N’GOUNDIANE","33350"
"THIES","THIES","THIENABA","33918"
"THIES","THIES","TOUBA TOUL","63837"
"THIES","THIES","DIENDER GUEDJI","44358"
"THIES","THIES","FANDENE","47139"
"THIES","THIES","KEUR MOUSSA","61707"
"THIES","THIES","COM. CAYAR","33273"
"THIES","TIVAOUANE","COM. MEKHE","27566"
"THIES","TIVAOUANE","COM. TIVAOUANE","102658"
"THIES","TIVAOUANE","MEOUANE","46289"
"THIES","TIVAOUANE","TAIBA N’DIAYE","36721"
"THIES","TIVAOUANE","DAROU KHOUDOSS","104346"
"THIES","TIVAOUANE","COM. M’BORO","40811"
"THIES","TIVAOUANE","KOUL","32003"
"THIES","TIVAOUANE","MERINA DAKHAR","39103"
"THIES","TIVAOUANE","PEKESSE","26294"
"THIES","TIVAOUANE","M’BAYENE","10447"
"THIES","TIVAOUANE","N’GANDIOUF","33255"
"THIES","TIVAOUANE","NIAKHENE","11295"
"THIES","TIVAOUANE","THILMAKHA","14629"
"THIES","TIVAOUANE","CHERIF LÖ","28759"
"THIES","TIVAOUANE","MONT- ROLLAND","17439"
"THIES","TIVAOUANE","NOTTO GOUYE DIAMA","34036"
"THIES","TIVAOUANE","PIRE GOUREYE","32685"
"THIES","TIVAOUANE","PAMBAL","10853"
"LOUGA","KEBEMER","COM. KEBEMER","27305"
"LOUGA","KEBEMER","DAROU MARNANE","14074"
"LOUGA","KEBEMER","DAROU MOUSTY","52524"
"LOUGA","KEBEMER","MBADIANE","10240"
"LOUGA","KEBEMER","NDOYENE","6517"
"LOUGA","KEBEMER","SAM YABAL","12210"
"LOUGA","KEBEMER","TOUBA MERINA","9556"
"LOUGA","KEBEMER","MBACKE CADIOR","6234"
"LOUGA","KEBEMER","BADEGNE OUOLOF","19038"
"LOUGA","KEBEMER","DIOKOUL DIAWRIGNE","21044"
"LOUGA","KEBEMER","KAB GAYE","14560"
"LOUGA","KEBEMER","NDANDE","32065"
"LOUGA","KEBEMER","THIEPPE","23419"
"LOUGA","KEBEMER","COM. GUEOUL","10547"
"LOUGA","KEBEMER","KANENE NDIOB","11358"
"LOUGA","KEBEMER","LORO","9708"
"LOUGA","KEBEMER","SAGATTA GUETH","18114"
"LOUGA","KEBEMER","THIOLOM FALL","25042"
"LOUGA","KEBEMER","NGOURANE OUOLOF","12366"
"LOUGA","LINGUERE","COM. LINGUERE","19191"
"LOUGA","LINGUERE","COM. DAHRA","45530"
"LOUGA","LINGUERE","BARKEDJI","25122"
"LOUGA","LINGUERE","GASSANE","24141"
"LOUGA","LINGUERE","THIARGNY","10893"
"LOUGA","LINGUERE","THIEL","16934"
"LOUGA","LINGUERE","DODJI","19091"
"LOUGA","LINGUERE","LABGAR","10547"
"LOUGA","LINGUERE","OUARKHOH","20861"
"LOUGA","LINGUERE","KAMB","10962"
"LOUGA","LINGUERE","MBOULA","9420"
"LOUGA","LINGUERE","TESSEKRE FORAGE","11691"
"LOUGA","LINGUERE","YANG YANG","5795"
"LOUGA","LINGUERE","COM. MBEULEUKHE","1968"
"LOUGA","LINGUERE","BOULAL","12430"
"LOUGA","LINGUERE","DEALI","26745"
"LOUGA","LINGUERE","SAGATTA DJOLOF","13971"
"LOUGA","LINGUERE","THIAMENE DJOLOF","20136"
"LOUGA","LINGUERE","AFFE DJOLOFF","6796"
"LOUGA","LOUGA","COM. LOUGA","113365"
"LOUGA","LOUGA","COKI","29317"
"LOUGA","LOUGA","PETE OUARACK","6187"
"LOUGA","LOUGA","THIAMENE CAYOR","19808"
"LOUGA","LOUGA","GUET ARDO","11257"
"LOUGA","LOUGA","COM. NDIAGNE","10046"
"LOUGA","LOUGA","GANDE","17197"
"LOUGA","LOUGA","KEUR MOMAR SARR","40451"
"LOUGA","LOUGA","NGUER MALAL","34247"
"LOUGA","LOUGA","SYER","13843"
"LOUGA","LOUGA","KELLE GUEYE","13749"
"LOUGA","LOUGA","MBEDIENE","14438"
"LOUGA","LOUGA","NGUIDILE","32327"
"LOUGA","LOUGA","NIOMRE","21136"
"LOUGA","LOUGA","LEONA","46268"
"LOUGA","LOUGA","NGUEUNE SARR","21660"
"LOUGA","LOUGA","SAKAL","32469"
"FATICK","FATICK","COM. FATICK","39361"
"FATICK","FATICK","COM. DIOFIOR","12795"
"FATICK","FATICK","DIAOULE","15313"
"FATICK","FATICK","MBELACADIAO","18119"
"FATICK","FATICK","NDIOB","23407"
"FATICK","FATICK","THIARE  NDIALGUI","26127"
"FATICK","FATICK","DIAKHAO","5590"
"FATICK","FATICK","FIMELA","30886"
"FATICK","FATICK","LOUL-SESSENE","22528"
"FATICK","FATICK","PALMARIN FACAO","10927"
"FATICK","FATICK","DJILASSE","11106"
"FATICK","FATICK","NGAYOKHEME","29808"
"FATICK","FATICK","NIAKHAR","33696"
"FATICK","FATICK","PATAR","30583"
"FATICK","FATICK","DIARERE","35775"
"FATICK","FATICK","DIOUROUP","26348"
"FATICK","FATICK","TATTAGUINE","36197"
"FATICK","FOUNDIOUGNE","COM. FOUNDIOUGNE","8924"
"FATICK","FOUNDIOUGNE","COM. SOKONE","20424"
"FATICK","FOUNDIOUGNE","DJILOR","22876"
"FATICK","FOUNDIOUGNE","DIOSSONG","26984"
"FATICK","FOUNDIOUGNE","DIAGANE BARKA","12987"
"FATICK","FOUNDIOUGNE","MBAM","11713"
"FATICK","FOUNDIOUGNE","NIASSENE","20905"
"FATICK","FOUNDIOUGNE","COM. PASSY","18322"
"FATICK","FOUNDIOUGNE","COM. SOUM","6159"
"FATICK","FOUNDIOUGNE","BASSOUL","11946"
"FATICK","FOUNDIOUGNE","DIONEWAR","12589"
"FATICK","FOUNDIOUGNE","DJIRNDA","10418"
"FATICK","FOUNDIOUGNE","KEUR SALOUM DIANE","37793"
"FATICK","FOUNDIOUGNE","KEUR SAMBA GUEYE","36418"
"FATICK","FOUNDIOUGNE","NIORO ALASSANE TALL","46366"
"FATICK","FOUNDIOUGNE","TOUBACOUTA","43592"
"FATICK","FOUNDIOUGNE","COM. KARANG POSTE","26972"
"FATICK","GOSSAS","COM. GOSSAS","15630"
"FATICK","GOSSAS","COLOBANE","21341"
"FATICK","GOSSAS","MBAR","36318"
"FATICK","GOSSAS","NDIENE LAGANE","15326"
"FATICK","GOSSAS","OUADIOUR","15609"
"FATICK","GOSSAS","PATAR LIA","18744"
"KOLDA","KOLDA","COM. KOLDA","103574"
"KOLDA","KOLDA","DIOULACOLON","32090"
"KOLDA","KOLDA","MEDINA  EL HADJI","15204"
"KOLDA","KOLDA","TANKANTO ESCALE","18348"
"KOLDA","KOLDA","GUIRO YERO BOCAR","18900"
"KOLDA","KOLDA","COM. SALIKEGNE","4641"
"KOLDA","KOLDA","COM. SARE YOBA DIEGA","4199"
"KOLDA","KOLDA","BAGADADJI","20086"
"KOLDA","KOLDA","COUMBACARA","15025"
"KOLDA","KOLDA","MAMPATIM","21955"
"KOLDA","KOLDA","DIALAMBERE","16959"
"KOLDA","KOLDA","MEDINA CHERIF","15918"
"KOLDA","KOLDA","COM. DABO","9611"
"KOLDA","KOLDA","SARE BIDJI","22371"
"KOLDA","KOLDA","THIETTY","5311"
"KOLDA","VELINGARA","COM. VELINGARA","45431"
"KOLDA","VELINGARA","BONCONTO","13455"
"KOLDA","VELINGARA","LINKERING","22486"
"KOLDA","VELINGARA","MEDINA GOUNASS","91085"
"KOLDA","VELINGARA","SINTHIANG  KOUNDARA","38288"
"KOLDA","VELINGARA","OUASSADOU","20849"
"KOLDA","VELINGARA","PAROUMBA","19220"
"KOLDA","VELINGARA","PAKOUR","16237"
"KOLDA","VELINGARA","KANDIA","28768"
"KOLDA","VELINGARA","SARE COLY SALLE","24469"
"KOLDA","VELINGARA","NEMATABA","11883"
"KOLDA","VELINGARA","KANDIAYE","15351"
"KOLDA","VELINGARA","COM. DIAOUBE- KABENDOU","41411"
"KOLDA","VELINGARA","COM. KOUNKANE","16216"
"KOLDA","MEDINA YORO FOULAH","COM. MEDINA YORO FOULAH","4936"
"KOLDA","MEDINA YORO FOULAH","FAFACOUROU","10911"
"KOLDA","MEDINA YORO FOULAH","BADION","17878"
"KOLDA","MEDINA YORO FOULAH","NDORNA","16168"
"KOLDA","MEDINA YORO FOULAH","BIGNARABE","7766"
"KOLDA","MEDINA YORO FOULAH","BOUROUCO","35461"
"KOLDA","MEDINA YORO FOULAH","KOULINTO","8675"
"KOLDA","MEDINA YORO FOULAH","DINGUIRAYE","18514"
"KOLDA","MEDINA YORO FOULAH","KEREWANE","41030"
"KOLDA","MEDINA YORO FOULAH","NIAMING","19852"
"KOLDA","MEDINA YORO FOULAH","COM. PATA","4265"
"MATAM","MATAM","COM. MATAM","27695"
"MATAM","MATAM","COM. OUROSSOGUI","27222"
"MATAM","MATAM","AGNAM-CIVOL","33358"
"MATAM","MATAM","OREFONDE","25799"
"MATAM","MATAM","DABIA","29197"
"MATAM","MATAM","COM. NGUIDILOGNE","14423"
"MATAM","MATAM","COM. THILOGNE","15044"
"MATAM","MATAM","BOKIDIAWE","73400"
"MATAM","MATAM","NABADJI-CIVOL","75055"
"MATAM","MATAM","OGO","65694"
"MATAM","KANEL","COM. KANEL","15244"
"MATAM","KANEL","BOKILADJI","46164"
"MATAM","KANEL","ORKADIERE","56051"
"MATAM","KANEL","AOURE","55799"
"MATAM","KANEL","COM. DEMBANCANE","5781"
"MATAM","KANEL","COM. ODOBERE","7384"
"MATAM","KANEL","COM. SEMME","9213"
"MATAM","KANEL","COM. WAOUNDE","9376"
"MATAM","KANEL","NDENDORY","50965"
"MATAM","KANEL","OURO SIDY","52849"
"MATAM","KANEL","COM. HAMADY OUNARE","12646"
"MATAM","KANEL","COM. SINTHIOU BAMANBE-BANADJI","20048"
"MATAM","RANEROU FERLO","COM. RANEROU","4648"
"MATAM","RANEROU FERLO","LOUGRE-THIOLY","11070"
"MATAM","RANEROU FERLO","VELINGARA","35206"
"MATAM","RANEROU FERLO","OUDALAYE","52301"
"KAFFRINE","KAFFRINE","COM. KAFFRINE","57307"
"KAFFRINE","KAFFRINE","BOULEL","30083"
"KAFFRINE","KAFFRINE","GNIBY","19778"
"KAFFRINE","KAFFRINE","KAHI","29215"
"KAFFRINE","KAFFRINE","DIOKOUL M’BELBOUCK","33591"
"KAFFRINE","KAFFRINE","KATHIOTE","44396"
"KAFFRINE","KAFFRINE","MEDINATOUL SALAM 2","27628"
"KAFFRINE","KAFFRINE","DIAMAGADIO","24420"
"KAFFRINE","KAFFRINE","COM. N’GANDA","14369"
"KAFFRINE","BIRKELANE","COM. BIRKELANE","10891"
"KAFFRINE","BIRKELANE","KEUR M’BOUKI","14229"
"KAFFRINE","BIRKELANE","TOUBA M’BELLA","14414"
"KAFFRINE","BIRKELANE","DIAMAL","15776"
"KAFFRINE","BIRKELANE","MABO","36514"
"KAFFRINE","BIRKELANE","N’DIOGNICK","44449"
"KAFFRINE","BIRKELANE","MBEULEUP","7484"
"KAFFRINE","BIRKELANE","SEGRE GATTA","7307"
"KAFFRINE","KOUNGHEUL","COM. KOUNGHEUL","31149"
"KAFFRINE","KOUNGHEUL","SALY ESCALE","34134"
"KAFFRINE","KOUNGHEUL","FASS THIEKENE","23547"
"KAFFRINE","KOUNGHEUL","IDA MOURIDE","31535"
"KAFFRINE","KOUNGHEUL","LOUR ESCALE","34905"
"KAFFRINE","KOUNGHEUL","RIBOT ESCALE","23010"
"KAFFRINE","KOUNGHEUL","GAINTHE PATHE","25769"
"KAFFRINE","KOUNGHEUL","MAKA YOP","19428"
"KAFFRINE","KOUNGHEUL","MISSIRAH WADENE","29827"
"KAFFRINE","MALEM HODDAR","COM. MALEM HODDAR","12188"
"KAFFRINE","MALEM HODDAR","DAROU MINAM II","21301"
"KAFFRINE","MALEM HODDAR","N’DIOUM  N’GAINTH","12613"
"KAFFRINE","MALEM HODDAR","KHELCOM","1834"
"KAFFRINE","MALEM HODDAR","NDIOBENE SAMBA LAMO","8581"
"KAFFRINE","MALEM HODDAR","DIANKE SOUF","25357"
"KAFFRINE","MALEM HODDAR","SAGNA","53375"
"KEDOUGOU","KEDOUGOU","COM. KEDOUGOU","59231"
"KEDOUGOU","KEDOUGOU","BANDAFASSI","15840"
"KEDOUGOU","KEDOUGOU","TOMBORONKOTO","18360"
"KEDOUGOU","KEDOUGOU","DINDIFELO","7590"
"KEDOUGOU","KEDOUGOU","NINEFECHA","8715"
"KEDOUGOU","KEDOUGOU","DIMBOLI","9023"
"KEDOUGOU","KEDOUGOU","FONGOLEMBI","5507"
"KEDOUGOU","SALEMATA","COM. SALEMATA","6712"
"KEDOUGOU","SALEMATA","DAKATELI","4767"
"KEDOUGOU","SALEMATA","KEVOYE","5559"
"KEDOUGOU","SALEMATA","DAR SALAM","4165"
"KEDOUGOU","SALEMATA","ETHIOLO","4310"
"KEDOUGOU","SALEMATA","OUBADJI","2513"
"KEDOUGOU","SARAYA","COM. SARAYA","4385"
"KEDOUGOU","SARAYA","MEDINA BAFFE","10743"
"KEDOUGOU","SARAYA","BEMBOU","26820"
"KEDOUGOU","SARAYA","KHOSSANTO","11176"
"KEDOUGOU","SARAYA","MISSIRAH SIRIMANA","21715"
"KEDOUGOU","SARAYA","SABODALA","18016"
"SEDHIOU","SEDHIOU","COM. SEDHIOU","31511"
"SEDHIOU","SEDHIOU","COM. MARSASSOUM","9815"
"SEDHIOU","SEDHIOU","DIENDE","16703"
"SEDHIOU","SEDHIOU","SAKAR","11535"
"SEDHIOU","SEDHIOU","DIANNAH BA","9245"
"SEDHIOU","SEDHIOU","KOUSSY","12759"
"SEDHIOU","SEDHIOU","OUDOUCAR","11972"
"SEDHIOU","SEDHIOU","SAMA KANTA PEULH","4357"
"SEDHIOU","SEDHIOU","COM. DIANAH MALARY","3272"
"SEDHIOU","SEDHIOU","BENET- BIJINI","13816"
"SEDHIOU","SEDHIOU","SANSAMBA","18095"
"SEDHIOU","SEDHIOU","DJIBABOUYA","6845"
"SEDHIOU","SEDHIOU","BAMBALI","20424"
"SEDHIOU","SEDHIOU","DJIREDJI","22946"
"SEDHIOU","BOUNKILING","COM. BOUNKILING","9969"
"SEDHIOU","BOUNKILING","BOGHAL","19561"
"SEDHIOU","BOUNKILING","TANKON","34349"
"SEDHIOU","BOUNKILING","DJINANY","4808"
"SEDHIOU","BOUNKILING","NDIAMALATHIEL","20305"
"SEDHIOU","BOUNKILING","COM. NDIAMACOUTA","11543"
"SEDHIOU","BOUNKILING","BONA","8880"
"SEDHIOU","BOUNKILING","DIACOUNDA","8458"
"SEDHIOU","BOUNKILING","INOR","12255"
"SEDHIOU","BOUNKILING","KANDION MANGANA","2381"
"SEDHIOU","BOUNKILING","DIAROUME","23718"
"SEDHIOU","BOUNKILING","DIAMBATY","14520"
"SEDHIOU","BOUNKILING","FAOUNE","18594"
"SEDHIOU","BOUNKILING","COM. MADINA WANDIFA","18531"
"SEDHIOU","GOUDOMP","COM. GOUDOMP","15993"
"SEDHIOU","GOUDOMP","DJIBANAR","12165"
"SEDHIOU","GOUDOMP","KAOUR","5701"
"SEDHIOU","GOUDOMP","MANGAROUNGOU SANTO","13689"
"SEDHIOU","GOUDOMP","SIMBADI BALANTE","23237"
"SEDHIOU","GOUDOMP","YARANG BALANTE","15880"
"SEDHIOU","GOUDOMP","COM. DIATTACOUNDA","4949"
"SEDHIOU","GOUDOMP","COM. SAMINE","6532"
"SEDHIOU","GOUDOMP","KARANTABA","18915"
"SEDHIOU","GOUDOMP","KOLIBANTANG","12870"
"SEDHIOU","GOUDOMP","NIAGHA","14730"
"SEDHIOU","GOUDOMP","SIMBANDI BRASSOU","16302"
"SEDHIOU","GOUDOMP","BAGHERE","13492"
"SEDHIOU","GOUDOMP","DIOUBOUDOU","6959"
"SEDHIOU","GOUDOMP","COM. TANAFF","6683"
